Unnamed: 0,Ovhd,Rank
Rabbinical Academy Mesivta Rabbi Chaim Berlin,0.04,1.0
Mesivtha Tifereth Jerusalem of America,0.19,2.0
Beis Medrash Heichal Dovid,0.22,3.0
Sioux Falls Seminary,0.24,4.0
Toyota Technological Institute at Chicago,0.27,5.5
Yeshivath Zichron Moshe,0.27,5.5
Apex School of Theology,0.28,8.0
Bais Medrash Elyon,0.28,8.0
Arizona State University-Skysong,0.28,8.0
Yeshivath Viznitz,0.31,10.0
University of Missouri-Columbia,0.36,11.0
Antioch University-PhD Program in Leadership and Change,0.37,12.0
Yeshiva Gedolah of Greater Detroit,0.38,13.5
The Chicago School of Professional Psychology at Irvine,0.38,13.5
Universidad Internacional Iberoamericana,0.39,15.0
East Carolina University,0.4,16.0
Yeshivat Mikdash Melech,0.42,17.0
Massachusetts School of Law,0.43,18.0
Naval Postgraduate School,0.46,19.5
Kettering College,0.46,19.5
Mount Carmel College of Nursing,0.48,21.0
Appalachian College of Pharmacy,0.51,22.0
The University of Texas at Brownsville,0.52,23.0
Saint Francis Medical Center College of Nursing,0.53,24.0
University of Management and Technology,0.54,25.0
Allen College,0.55,26.0
Midwestern University-Glendale,0.58,27.5
Union University,0.58,27.5
Northeastern Seminary,0.6,30.0
Louisiana Tech University,0.6,30.0
Inter American University of Puerto Rico-Metro,0.6,30.0
Caribbean University-Ponce,0.61,33.0
New Orleans Baptist Theological Seminary,0.61,33.0
Antioch University-New England,0.61,33.0
Colorado State University-Fort Collins,0.62,35.0
Keck Graduate Institute,0.63,36.0
University of North Carolina at Chapel Hill,0.64,38.5
Salisbury University,0.64,38.5
Charleston School of Law,0.64,38.5
Winona State University,0.64,38.5
Brigham Young University-Provo,0.65,41.0
Samuel Merritt University,0.66,42.5
West Chester University of Pennsylvania,0.66,42.5
Saint Ambrose University,0.67,44.5
Spalding University,0.67,44.5
University of Missouri-Kansas City,0.68,47.5
Savannah Law School,0.68,47.5
Baylor College of Medicine,0.68,47.5
West Texas A & M University,0.68,47.5
Oblate School of Theology,0.69,51.0
University of Washington-Tacoma Campus,0.69,51.0
Mirrer Yeshiva Cent Institute,0.69,51.0
Central Baptist Theological Seminary,0.7,53.0
Stanford University,0.71,56.5
Chamberlain College of Nursing-Illinois,0.71,56.5
South College,0.71,56.5
Central Michigan University,0.71,56.5
William Carey University,0.71,56.5
Yeshiva D'monsey Rabbinical College,0.71,56.5
Millersville University of Pennsylvania,0.72,62.0
The Wright Institute,0.72,62.0
Rutgers University-Newark,0.72,62.0
Bloomsburg University of Pennsylvania,0.72,62.0
Arizona State University-Polytechnic,0.72,62.0
Shippensburg University of Pennsylvania,0.73,65.0
Plymouth State University,0.74,67.0
Piedmont College,0.74,67.0
Appalachian State University,0.74,67.0
Montana Tech of the University of Montana,0.75,71.5
University of Wisconsin-La Crosse,0.75,71.5
Indiana University of Pennsylvania-Main Campus,0.75,71.5
Michigan State University-College of Law,0.75,71.5
University of Central Arkansas,0.75,71.5
Southwestern Law School,0.75,71.5
University of Wisconsin-Eau Claire,0.76,77.5
Tarleton State University,0.76,77.5
Trinity Episcopal School for Ministry,0.76,77.5
Southwestern Oklahoma State University,0.76,77.5
Vermont Law School,0.76,77.5
Boston Graduate School of Psychoanalysis Inc,0.76,77.5
University of Puget Sound,0.77,82.0
MGH Institute of Health Professions,0.77,82.0
Southern Connecticut State University,0.77,82.0
South Dakota School of Mines and Technology,0.78,85.5
South Texas College of Law,0.78,85.5
Texas A & M University-Kingsville,0.78,85.5
Hardin-Simmons University,0.78,85.5
Texas Tech University,0.79,90.5
Midwestern University-Downers Grove,0.79,90.5
Lindenwood University,0.79,90.5
Tuskegee University,0.79,90.5
Marshall University,0.79,90.5
James Madison University,0.79,90.5
Colorado Mesa University,0.8,95.5
Pennsylvania State University-Penn State Harrisburg,0.8,95.5
Saint Anthony College of Nursing,0.8,95.5
Antioch University-Seattle,0.8,95.5
Rhode Island College,0.81,99.5
University of Puerto Rico-Medical Sciences,0.81,99.5
Institute for the Psychological Sciences,0.81,99.5
Saint John Fisher College,0.81,99.5
Old Dominion University,0.82,105.0
Georgia Christian University,0.82,105.0
Texas A & M University-College Station,0.82,105.0
Colorado School of Mines,0.82,105.0
Our Lady of the Lake College,0.82,105.0
Husson University,0.82,105.0
Husson University,0.82,105.0
Rutgers University-Camden,0.83,110.5
Howard University,0.83,110.5
Bryan College of Health Sciences,0.83,110.5
CUNY Hunter College,0.83,110.5
Slippery Rock University of Pennsylvania,0.84,116.0
University of Wisconsin-Whitewater,0.84,116.0
Middle Tennessee State University,0.84,116.0
Inter American University of Puerto Rico-Ponce,0.84,116.0
Grand Valley State University,0.84,116.0
Nazareth College,0.84,116.0
Rocky Mountain University of Health Professions,0.84,116.0
Argosy University-Schaumburg,0.85,124.0
Universidad Politecnica de Puerto Rico,0.85,124.0
Ferris State University,0.85,124.0
St John's University-New York,0.85,124.0
University of Mary,0.85,124.0
Widener University-Commonwealth Law School,0.85,124.0
Lynchburg College,0.85,124.0
Missouri State University-Springfield,0.85,124.0
Mississippi University for Women,0.85,124.0
University of New Hampshire-School of Law,0.86,132.5
Minnesota State University-Mankato,0.86,132.5
Minnesota State University Moorhead,0.86,132.5
Florida State University,0.86,132.5
Grace Mission University,0.86,132.5
Louisiana State University-Shreveport,0.86,132.5
Inter American University of Puerto Rico-San German,0.86,132.5
Miami University-Oxford,0.86,132.5
Northeastern State University,0.87,141.0
Texas Health and Science University,0.87,141.0
D'Youville College,0.87,141.0
George Mason University,0.87,141.0
Winston-Salem State University,0.87,141.0
Millikin University,0.87,141.0
Thomas Jefferson School of Law,0.87,141.0
Ithaca College,0.87,141.0
Lamar University,0.87,141.0
Pacific University,0.88,148.5
Eastern Michigan University,0.88,148.5
York College Pennsylvania,0.88,148.5
Arkansas Tech University,0.88,148.5
Western State College of Law at Argosy University,0.88,148.5
Shenandoah University,0.88,148.5
Radford University,0.89,155.0
Texas A & M University-Texarkana,0.89,155.0
High Point University,0.89,155.0
Northwestern State University of Louisiana,0.89,155.0
The John Marshall Law School,0.89,155.0
University of Louisiana at Monroe,0.89,155.0
University of Akron Main Campus,0.89,155.0
North Park University,0.9,162.5
Mississippi College,0.9,162.5
Clarke University,0.9,162.5
University of Louisiana at Lafayette,0.9,162.5
SUNY at Binghamton,0.9,162.5
Langston University,0.9,162.5
Valdosta State University,0.9,162.5
Bradley University,0.9,162.5
Michigan Technological University,0.91,170.0
Virginia Polytechnic Institute and State University,0.91,170.0
University of Michigan-Dearborn,0.91,170.0
William James College,0.91,170.0
The Chicago School of Professional Psychology at Chicago,0.91,170.0
Texas A & M University-Corpus Christi,0.91,170.0
New York Theological Seminary,0.91,170.0
Texas Southern University,0.92,178.0
Florida Institute of Technology,0.92,178.0
Texas Christian University,0.92,178.0
The University of Texas Rio Grande Valley,0.92,178.0
Armstrong State University,0.92,178.0
Barnes-Jewish College Goldfarb School of Nursing,0.92,178.0
Inter American University of Puerto Rico-School of Optometry,0.92,178.0
Youngstown State University,0.92,178.0
University of North Texas,0.92,178.0
Western Illinois University,0.93,186.5
Virginia State University,0.93,186.5
Ohio Northern University,0.93,186.5
Jacksonville University,0.93,186.5
Cedarville University,0.93,186.5
Portland State University,0.93,186.5
The University of Findlay,0.93,186.5
University of the Cumberlands,0.93,186.5
Florida Gulf Coast University,0.94,195.0
New York Law School,0.94,195.0
Texas Chiropractic College Foundation Inc,0.94,195.0
George Fox University,0.94,195.0
American College of Acupuncture and Oriental Med,0.94,195.0
Touro University California,0.94,195.0
California University of Pennsylvania,0.94,195.0
Central Connecticut State University,0.94,195.0
Texas A & M University-Commerce,0.94,195.0
University of Maryland-College Park,0.95,203.5
Mesivta of Eastern Parkway-Yeshiva Zichron Meilech,0.95,203.5
The University of Tennessee-Chattanooga,0.95,203.5
Texas Woman's University,0.95,203.5
University of Northern Colorado,0.95,203.5
Nebraska Methodist College of Nursing & Allied Health,0.95,203.5
CUNY City College,0.95,203.5
Iowa State University,0.95,203.5
Stephen F Austin State University,0.96,210.0
Towson University,0.96,210.0
Reformed Presbyterian Theological Seminary,0.96,210.0
Angelo State University,0.96,210.0
Southeastern Louisiana University,0.96,210.0
Prescott College,0.97,214.5
Wingate University,0.97,214.5
Roseman University of Health Sciences,0.97,214.5
University of Colorado Colorado Springs,0.97,214.5
University of Hawaii at Hilo,0.98,220.0
Stony Brook University,0.98,220.0
Wesleyan University,0.98,220.0
Concordia University-Chicago,0.98,220.0
Southern Methodist University,0.98,220.0
University of Southern Indiana,0.98,220.0
University of Massachusetts-Amherst,0.98,220.0
University of Minnesota-Duluth,0.99,228.0
University of Southern Mississippi,0.99,228.0
Southwest Baptist University,0.99,228.0
Saint Cloud State University,0.99,228.0
Murray State University,0.99,228.0
University of Hawaii at Manoa,0.99,228.0
Erskine College,0.99,228.0
Georgia College and State University,0.99,228.0
Bowling Green State University-Main Campus,0.99,228.0
University of Tulsa,1.0,236.0
Florida Agricultural and Mechanical University,1.0,236.0
Andover Newton Theological School,1.0,236.0
University of Puerto Rico-Rio Piedras,1.0,236.0
The University of Montana,1.0,236.0
Indiana University-Bloomington,1.0,236.0
Arizona State University-Downtown Phoenix,1.0,236.0
The University of Texas at Arlington,1.01,243.0
Daemen College,1.01,243.0
Michigan State University,1.01,243.0
Methodist University,1.01,243.0
Saginaw Valley State University,1.01,243.0
University of Kansas,1.01,243.0
University of Wisconsin-Oshkosh,1.01,243.0
Fayetteville State University,1.02,251.5
College of Staten Island CUNY,1.02,251.5
Faulkner University,1.02,251.5
Seattle University,1.02,251.5
Pittsburg State University,1.02,251.5
Washburn University,1.02,251.5
Manchester University,1.02,251.5
Southern University and A & M College,1.02,251.5
University of Wisconsin-Milwaukee,1.02,251.5
Pontifical Catholic University of Puerto Rico-Arecibo,1.02,251.5
Pontifical Catholic University of Puerto Rico-Ponce,1.03,260.5
Missouri University of Science and Technology,1.03,260.5
Loyola University Maryland,1.03,260.5
Bethel Seminary-St Paul,1.03,260.5
Notre Dame of Maryland University,1.03,260.5
University of Detroit Mercy,1.03,260.5
University of Evansville,1.03,260.5
Albany College of Pharmacy and Health Sciences,1.03,260.5
University of Memphis,1.04,270.5
Butler University,1.04,270.5
Smith College,1.04,270.5
Lincoln University,1.04,270.5
Suffolk University,1.04,270.5
Norfolk State University,1.04,270.5
Concordia University-Wisconsin,1.04,270.5
Palm Beach Atlantic University,1.04,270.5
Fairleigh Dickinson University-College at Florham,1.04,270.5
Alabama College of Osteopathic Medicine,1.04,270.5
University of the Sciences,1.04,270.5
Calvin Theological Seminary,1.04,270.5
Eastern Virginia Medical School,1.05,280.5
University of South Alabama,1.05,280.5
Roger Williams University School of Law,1.05,280.5
University of Houston-Clear Lake,1.05,280.5
St Catherine University,1.05,280.5
Albany Law School,1.05,280.5
Oregon State University,1.05,280.5
University of New Hampshire-Main Campus,1.05,280.5
Sam Houston State University,1.06,292.0
Ave Maria School of Law,1.06,292.0
The Chicago School of Professional Psychology at Washington DC,1.06,292.0
Briar Cliff University,1.06,292.0
Northern Kentucky University,1.06,292.0
Columbus State University,1.06,292.0
Western Carolina University,1.06,292.0
University of Oregon,1.06,292.0
Atlanta's John Marshall Law School,1.06,292.0
Tennessee Technological University,1.06,292.0
Touro University Nevada,1.06,292.0
SUNY Polytechnic Institute,1.06,292.0
University of North Carolina Wilmington,1.06,292.0
The College of Saint Scholastica,1.06,292.0
Summit University of Pennsylvania,1.06,292.0
The University of Texas at Dallas,1.07,306.5
University of Saint Mary,1.07,306.5
University of the District of Columbia-David A Clarke School of Law,1.07,306.5
University of Scranton,1.07,306.5
Brooklyn Law School,1.07,306.5
The University of Texas at Tyler,1.07,306.5
Worcester Polytechnic Institute,1.07,306.5
Arkansas State University-Main Campus,1.07,306.5
University of Rhode Island,1.07,306.5
University of North Georgia,1.07,306.5
University of Portland,1.07,306.5
Georgia Southern University,1.07,306.5
Willamette University,1.07,306.5
Fielding Graduate University,1.07,306.5
Clemson University,1.08,317.0
Dakota State University,1.08,317.0
Northern Arizona University,1.08,317.0
Northern Michigan University,1.08,317.0
West Coast University-Los Angeles,1.08,317.0
Widener University-Delaware Law School,1.08,317.0
Illinois Institute of Technology,1.08,317.0
Eastern Washington University,1.09,324.5
MCPHS University,1.09,324.5
University of Jamestown,1.09,324.5
New York College of Podiatric Medicine,1.09,324.5
Loyola University Chicago,1.09,324.5
Molloy College,1.09,324.5
Chapman University,1.09,324.5
University of Toledo,1.09,324.5
Brite Divinity School,1.1,336.0
Oakland University,1.1,336.0
California State University-Fullerton,1.1,336.0
Frostburg State University,1.1,336.0
Indiana University-Purdue University-Indianapolis,1.1,336.0
DePaul University,1.1,336.0
"Bexley Hall Seabury Western Theological Seminary Federation, Inc.",1.1,336.0
Dominican University,1.1,336.0
West Virginia University,1.1,336.0
Huntington University,1.1,336.0
Belmont University,1.1,336.0
University of Wisconsin-Stevens Point,1.1,336.0
Memphis Theological Seminary,1.1,336.0
King University,1.1,336.0
Midwestern Baptist Theological Seminary,1.1,336.0
Andrews University,1.11,348.5
University of Alaska Anchorage,1.11,348.5
Ball State University,1.11,348.5
College of Saint Mary,1.11,348.5
California State University-Long Beach,1.11,348.5
University of Charleston,1.11,348.5
University of West Georgia,1.11,348.5
University of Colorado Boulder,1.11,348.5
College of William and Mary,1.11,348.5
University of Nebraska at Omaha,1.11,348.5
Texas Wesleyan University,1.12,360.0
Alliant International University-San Diego,1.12,360.0
California Western School of Law,1.12,360.0
University of North Carolina at Charlotte,1.12,360.0
Indiana State University,1.12,360.0
Carson-Newman University,1.12,360.0
Mercyhurst University,1.12,360.0
University of Wisconsin-Stout,1.12,360.0
Robert Morris University,1.12,360.0
California State University-Fresno,1.12,360.0
Gannon University,1.12,360.0
Barry University,1.12,360.0
Arizona State University-West,1.12,360.0
Michigan School of Professional Psychology,1.13,374.0
Clarkson University,1.13,374.0
Jacksonville State University,1.13,374.0
Brenau University,1.13,374.0
Oklahoma City University,1.13,374.0
Capital University,1.13,374.0
LIU Brooklyn,1.13,374.0
Emporia State University,1.13,374.0
Frontier Nursing University,1.13,374.0
Utah State University,1.13,374.0
University of Michigan-Flint,1.13,374.0
California State University-Los Angeles,1.13,374.0
Arizona Summit Law School,1.13,374.0
Nyack College,1.13,374.0
Manhattan School of Music,1.13,374.0
William Paterson University of New Jersey,1.14,389.5
Adams State University,1.14,389.5
Middle Tennessee School of Anesthesia Inc,1.14,389.5
South University-Savannah,1.14,389.5
University of St Thomas,1.14,389.5
University of St Thomas,1.14,389.5
Florida Atlantic University,1.14,389.5
University of Washington-Seattle Campus,1.14,389.5
Harding University,1.14,389.5
Washington and Lee University,1.14,389.5
Creighton University,1.14,389.5
Valparaiso University,1.14,389.5
St Louis College of Pharmacy,1.14,389.5
Xavier University,1.14,389.5
Claremont Graduate University,1.14,389.5
Lewis & Clark College,1.14,389.5
National University of Health Sciences,1.15,403.5
The University of Texas at El Paso,1.15,403.5
North Greenville University,1.15,403.5
A T Still University of Health Sciences,1.15,403.5
Whittier College,1.15,403.5
Texas State University,1.15,403.5
Rockhurst University,1.15,403.5
Judson University,1.15,403.5
Otterbein University,1.15,403.5
University of Massachusetts-Dartmouth,1.15,403.5
Florida Coastal School of Law,1.15,403.5
St Mary's University,1.15,403.5
Stetson University,1.16,415.0
University at Buffalo,1.16,415.0
North Carolina Central University,1.16,415.0
Bentley University,1.16,415.0
Drexel University,1.16,415.0
Loyola University New Orleans,1.16,415.0
University of South Florida-Main Campus,1.16,415.0
San Francisco State University,1.16,415.0
Campbell University,1.16,415.0
Aquinas Institute of Theology,1.16,415.0
University of Central Florida,1.16,415.0
University of Hartford,1.17,425.0
Northeastern University,1.17,425.0
California State University-Northridge,1.17,425.0
University of California-Santa Barbara,1.17,425.0
Delta State University,1.17,425.0
Pacific Lutheran University,1.17,425.0
University of Wyoming,1.17,425.0
Duquesne University,1.17,425.0
Clark University,1.17,425.0
Regis University,1.18,436.0
Baylor University,1.18,436.0
LIU Post,1.18,436.0
Western New England University,1.18,436.0
University of Massachusetts-Boston,1.18,436.0
University of Maryland Eastern Shore,1.18,436.0
Catholic University of America,1.18,436.0
Samford University,1.18,436.0
University of the Rockies,1.18,436.0
Montclair State University,1.18,436.0
Milligan College,1.18,436.0
Nashotah House,1.18,436.0
Bowie State University,1.18,436.0
Rensselaer Polytechnic Institute,1.19,446.5
Grambling State University,1.19,446.5
Morgan State University,1.19,446.5
East Tennessee State University,1.19,446.5
University of Houston,1.19,446.5
University of Holy Cross,1.19,446.5
University of California-Hastings College of Law,1.19,446.5
Temple University,1.19,446.5
Faith Evangelical College & Seminary,1.2,453.5
New England College of Optometry,1.2,453.5
Saint Mary's College,1.2,453.5
Wayne State University,1.2,453.5
California Institute of the Arts,1.2,453.5
Presbyterian College,1.2,453.5
University of Northern Iowa,1.21,464.5
Western Kentucky University,1.21,464.5
University of Oklahoma-Norman Campus,1.21,464.5
Misericordia University,1.21,464.5
New England Law-Boston,1.21,464.5
Caldwell University,1.21,464.5
California Baptist University,1.21,464.5
Wolford College,1.21,464.5
University of Massachusetts-Lowell,1.21,464.5
Southern College of Optometry,1.21,464.5
Loma Linda University,1.21,464.5
New York University,1.21,464.5
Idaho State University,1.21,464.5
University of Richmond,1.21,464.5
University of Indianapolis,1.21,464.5
DeSales University,1.21,464.5
Alabama State University,1.22,476.0
University of the Incarnate Word,1.22,476.0
Drake University,1.22,476.0
University of North Florida,1.22,476.0
Walsh University,1.22,476.0
California State University-Stanislaus,1.22,476.0
Maranatha Baptist University,1.22,476.0
University of Cincinnati-Main Campus,1.23,485.5
Massachusetts Institute of Technology,1.23,485.5
Viterbo University,1.23,485.5
Lindsey Wilson College,1.23,485.5
Salus University,1.23,485.5
South Dakota State University,1.23,485.5
Lehigh University,1.23,485.5
University of Maryland-Baltimore County,1.23,485.5
Columbia University in the City of New York,1.23,485.5
University of Arkansas at Little Rock,1.23,485.5
University of Alaska Fairbanks,1.23,485.5
Syracuse University,1.23,485.5
North Carolina A & T State University,1.24,497.0
Anderson University,1.24,497.0
Anderson University,1.24,497.0
Brown University,1.24,497.0
University of Utah,1.24,497.0
Boise State University,1.24,497.0
Wright State University-Main Campus,1.24,497.0
Saint Louis University,1.24,497.0
California Lutheran University,1.24,497.0
Villanova University,1.24,497.0
Prairie View A & M University,1.24,497.0
Mary Baldwin College,1.25,505.0
Marywood University,1.25,505.0
Kean University,1.25,505.0
Hampton University,1.25,505.0
Northwest Nazarene University,1.25,505.0
California State Polytechnic University-Pomona,1.26,515.5
American Baptist Seminary of the West,1.26,515.5
The New England Conservatory of Music,1.26,515.5
Wake Forest University,1.26,515.5
Santa Clara University,1.26,515.5
The University of Tennessee-Knoxville,1.26,515.5
Auburn University at Montgomery,1.26,515.5
University of Nebraska-Lincoln,1.26,515.5
Stevens Institute of Technology,1.26,515.5
Sewanee-The University of the South,1.26,515.5
Texas A & M International University,1.26,515.5
Mercer University,1.26,515.5
University of Mary Hardin-Baylor,1.26,515.5
SUNY at Albany,1.26,515.5
Case Western Reserve University,1.26,515.5
Garrett-Evangelical Theological Seminary,1.26,515.5
Rochester Institute of Technology,1.27,528.0
Gonzaga University,1.27,528.0
Lancaster Bible College,1.27,528.0
Elon University,1.27,528.0
Azusa Pacific University,1.27,528.0
Lebanon Valley College,1.27,528.0
SUNY College of Environmental Science and Forestry,1.27,528.0
Keiser University-Ft Lauderdale,1.27,528.0
University of Louisville,1.27,528.0
Boston College,1.28,536.5
Inter American University of Puerto Rico-School of Law,1.28,536.5
Dominican College of Blauvelt,1.28,536.5
Kent State University at Kent,1.28,536.5
McKendree University,1.28,536.5
University of Puerto Rico-Mayaguez,1.28,536.5
University of Nevada-Las Vegas,1.28,536.5
San Diego State University,1.28,536.5
Southern University Law Center,1.29,545.5
University of Denver,1.29,545.5
International Baptist College and Seminary,1.29,545.5
University of Notre Dame,1.29,545.5
University of South Carolina-Columbia,1.29,545.5
University of Pittsburgh-Pittsburgh Campus,1.29,545.5
Sullivan University,1.29,545.5
Fordham University,1.29,545.5
Fairfield University,1.29,545.5
California State University-Sacramento,1.29,545.5
Pennsylvania State University-Dickinson Law,1.3,553.0
Washington University in St Louis,1.3,553.0
Eastern Kentucky University,1.3,553.0
Oklahoma State University-Main Campus,1.3,553.0
Southwestern Assemblies of God University,1.3,553.0
University of Dallas,1.31,559.5
University of North Carolina at Greensboro,1.31,559.5
Edgewood College,1.31,559.5
University of Virginia-Main Campus,1.31,559.5
Adelphi University,1.31,559.5
Southern Illinois University-Edwardsville,1.31,559.5
Western Connecticut State University,1.31,559.5
University of San Francisco,1.31,559.5
San Jose State University,1.32,568.0
Loyola Marymount University,1.32,568.0
Tulane University of Louisiana,1.32,568.0
University of Missouri-St Louis,1.32,568.0
La Sierra University,1.32,568.0
Northern Illinois University,1.32,568.0
University of South Dakota,1.32,568.0
Salve Regina University,1.32,568.0
Purdue University-Calumet Campus,1.32,568.0
Lewis University,1.33,576.0
Quinnipiac University,1.33,576.0
La Salle University,1.33,576.0
Marian University,1.33,576.0
Marian University,1.33,576.0
Washington State University,1.33,576.0
Florida Southern College,1.33,576.0
University of La Verne,1.34,581.5
Felician University,1.34,581.5
Seton Hall University,1.34,581.5
Madonna University,1.34,581.5
University of California-Riverside,1.35,589.0
Niagara University,1.35,589.0
Utica College,1.35,589.0
National University,1.35,589.0
Marymount University,1.35,589.0
Bryn Mawr College,1.35,589.0
University of New England,1.35,589.0
Boston University,1.35,589.0
Cleveland State University,1.35,589.0
Ashland University,1.35,589.0
Carlow University,1.35,589.0
Bellarmine University,1.36,598.5
Chestnut Hill College,1.36,598.5
Alfred University,1.36,598.5
Clarkson College,1.36,598.5
Rollins College,1.36,598.5
Abilene Christian University,1.36,598.5
Pacifica Graduate Institute,1.36,598.5
Saint Paul School of Theology,1.36,598.5
University of the West,1.37,606.0
Georgia State University,1.37,606.0
Springfield College,1.37,606.0
University of Delaware,1.37,606.0
Saint Vincent College,1.37,606.0
Cleveland Institute of Music,1.37,606.0
University of Maine,1.37,606.0
Kansas State University,1.38,614.0
Point Park University,1.38,614.0
Mount Saint Joseph University,1.38,614.0
Western University of Health Sciences,1.38,614.0
Coastal Carolina University,1.38,614.0
Wesley Theological Seminary,1.38,614.0
Virginia Commonwealth University,1.38,614.0
Lincoln Christian University,1.38,614.0
Iliff School of Theology,1.38,614.0
Dallas Theological Seminary,1.39,625.0
Arizona State University-Tempe,1.39,625.0
Purdue University-Main Campus,1.39,625.0
University of Arkansas,1.39,625.0
California Institute of Integral Studies,1.39,625.0
Rutgers University-New Brunswick,1.39,625.0
University of Vermont,1.39,625.0
Middlebury College,1.39,625.0
University of New Haven,1.39,625.0
Cleveland University-Kansas City,1.39,625.0
Carlos Albizu University-Miami,1.39,625.0
Pace University-New York,1.39,625.0
Freed-Hardeman University,1.39,625.0
Xavier University of Louisiana,1.4,637.0
Eden Theological Seminary,1.4,637.0
University of Illinois at Springfield,1.4,637.0
Oregon College of Oriental Medicine,1.4,637.0
Life University,1.4,637.0
University of New Orleans,1.4,637.0
Universidad Del Turabo,1.4,637.0
Methodist Theological School in Ohio,1.4,637.0
Saint Mary's College of California,1.4,637.0
Lake Erie College of Osteopathic Medicine,1.4,637.0
Seattle Pacific University,1.4,637.0
Saint Francis University,1.41,646.0
Charlotte School of Law,1.41,646.0
University of Colorado Denver/Anschutz Medical Campus,1.41,646.0
Gardner-Webb University,1.41,646.0
AOMA Graduate School of Integrative Medicine,1.41,646.0
Morehead State University,1.41,646.0
Auburn University,1.41,646.0
Manhattanville College,1.42,652.5
Corban University,1.42,652.5
Western Theological Seminary,1.42,652.5
Southern Adventist University,1.42,652.5
The University of Tennessee-Health Science Center,1.42,652.5
University of St Augustine for Health Sciences,1.42,652.5
University of Wisconsin-Madison,1.43,659.5
Brandeis University,1.43,659.5
Seminario Evangelico de Puerto Rico,1.43,659.5
Saint Peter's University,1.43,659.5
Mercy College,1.43,659.5
Wilkes University,1.43,659.5
American University,1.43,659.5
Hofstra University,1.43,659.5
Wheaton College,1.44,668.5
Simmons College,1.44,668.5
Dallas Baptist University,1.44,668.5
Kennesaw State University,1.44,668.5
Kennesaw State University,1.44,668.5
Marquette University,1.44,668.5
University of Baltimore,1.44,668.5
The University of Alabama,1.44,668.5
University of St Francis,1.44,668.5
Eastern University,1.44,668.5
McCormick Theological Seminary,1.45,675.0
The University of Texas at San Antonio,1.45,675.0
University of Miami,1.45,675.0
Widener University-Main Campus,1.46,680.0
New Jersey Institute of Technology,1.46,680.0
Hamline University,1.46,680.0
University of San Diego,1.46,680.0
Alabama A & M University,1.46,680.0
University of California-Irvine,1.46,680.0
The Sage Colleges,1.46,680.0
North Dakota State University-Main Campus,1.47,687.0
Yeshiva University,1.47,687.0
Regis College,1.47,687.0
Roosevelt University,1.47,687.0
Phillips Theological Seminary,1.47,687.0
Southeastern Baptist Theological Seminary,1.47,687.0
Concordia Seminary,1.47,687.0
University of Illinois at Chicago,1.48,694.5
Carroll University,1.48,694.5
Sacred Heart University,1.48,694.5
Luther Rice University & Seminary,1.48,694.5
Touro College,1.48,694.5
Jackson State University,1.48,694.5
Montana State University,1.48,694.5
Johnson University,1.48,694.5
California State University-San Bernardino,1.49,699.0
Holy Family University,1.5,701.5
Clark Atlanta University,1.5,701.5
Monmouth University,1.5,701.5
Florida International University,1.5,701.5
Northwestern University,1.51,705.5
Evangel University,1.51,705.5
Indiana University-Purdue University-Fort Wayne,1.51,705.5
Emory & Henry College,1.51,705.5
Rice University,1.52,710.5
University of Redlands,1.52,710.5
Alvernia University,1.52,710.5
Troy University,1.52,710.5
University of Southern Maine,1.52,710.5
Mount Mary University,1.52,710.5
CUNY Graduate School and University Center,1.53,715.5
University of Arkansas at Pine Bluff,1.53,715.5
Southeastern University,1.53,715.5
University of Kentucky,1.53,715.5
Delaware State University,1.54,720.5
Illinois State University,1.54,720.5
Amridge University,1.54,720.5
University of Georgia,1.54,720.5
South University-Tampa,1.54,720.5
Ohio University-Main Campus,1.54,720.5
Medaille College,1.55,727.5
Oral Roberts University,1.55,727.5
University of California-Los Angeles,1.55,727.5
Augsburg College,1.55,727.5
South Baylo University,1.55,727.5
Saybrook University,1.55,727.5
Georgetown University,1.55,727.5
Alaska Pacific University,1.55,727.5
College of Our Lady of the Elms,1.56,735.5
Philadelphia University,1.56,735.5
University of North Texas at Dallas,1.56,735.5
John F. Kennedy University,1.56,735.5
University of Chicago,1.56,735.5
University of the Pacific,1.56,735.5
University of Florida,1.56,735.5
University of Nevada-Reno,1.56,735.5
Palmer College of Chiropractic,1.57,742.0
Nazarene Theological Seminary,1.57,742.0
Northeastern University Global Network,1.57,742.0
University of Arizona,1.57,742.0
Liberty University,1.57,742.0
Institute for Doctoral Studies in the Visual Arts,1.58,748.5
Governors State University,1.58,748.5
Trine University,1.58,748.5
University of Idaho,1.58,748.5
Chatham University,1.58,748.5
George Washington University,1.58,748.5
Biblical Theological Seminary,1.58,748.5
Dowling College,1.58,748.5
Wheeling Jesuit University,1.59,756.0
Benedictine University,1.59,756.0
Sherman College of Straight Chiropractic,1.59,756.0
Louisiana State University and Agricultural & Mechanical College,1.59,756.0
University of Iowa,1.59,756.0
Virginia Union University,1.59,756.0
Stockton University,1.59,756.0
Ursuline College,1.6,760.5
Neumann University,1.6,760.5
Rivier University,1.61,764.0
Biola University,1.61,764.0
Duke University,1.61,764.0
University of Michigan-Ann Arbor,1.61,764.0
Maryville University of Saint Louis,1.61,764.0
Sanford Burnham Prebys Medical Discovery Institute,1.62,770.0
Fuller Theological Seminary in California,1.62,770.0
Drew University,1.62,770.0
University of New Mexico-Main Campus,1.62,770.0
Tennessee State University,1.62,770.0
Southern California Seminary,1.62,770.0
Touro University Worldwide,1.62,770.0
Colorado Technical University-Colorado Springs,1.63,778.5
Rosalind Franklin University of Medicine and Science,1.63,778.5
Waynesburg University,1.63,778.5
Lipscomb University,1.63,778.5
Franklin Pierce University,1.63,778.5
St Thomas University,1.63,778.5
Ave Maria University,1.63,778.5
Palo Alto University,1.63,778.5
Saint Joseph's University,1.63,778.5
University of Illinois at Urbana-Champaign,1.63,778.5
Parker University,1.64,785.5
The Master's College and Seminary,1.64,785.5
South University-Columbia,1.64,785.5
Aurora University,1.64,785.5
Phillips Graduate Institute,1.65,789.0
Southern California University of Health Sciences,1.65,789.0
Indiana Wesleyan University-Marion,1.65,789.0
William Woods University,1.66,792.5
University of Alabama at Birmingham,1.66,792.5
The New School,1.66,792.5
Illinois College of Optometry,1.66,792.5
University of Saint Joseph,1.67,798.0
Yeshiva Derech Chaim,1.67,798.0
Arcadia University,1.67,798.0
Argosy University-Washington DC,1.67,798.0
University of North Dakota,1.67,798.0
Bard College,1.67,798.0
New York Institute of Technology,1.67,798.0
Western Michigan University-Thomas M. Cooley Law School,1.68,804.5
Appalachian School of Law,1.68,804.5
Chicago State University,1.68,804.5
University of California-Davis,1.68,804.5
Coppin State University,1.68,804.5
Mills College,1.68,804.5
The Southern Baptist Theological Seminary,1.69,808.5
Universidad Metropolitana,1.69,808.5
Maple Springs Baptist Bible College and Seminary,1.7,811.5
Wayland Baptist University,1.7,811.5
Nova Southeastern University,1.7,811.5
Golden Gate University-San Francisco,1.7,811.5
Cornell University,1.71,815.0
Maharishi University of Management,1.71,815.0
The University of West Florida,1.71,815.0
Lawrence Technological University,1.72,817.0
Johns Hopkins University,1.73,818.5
CUNY School of Law,1.73,818.5
Cardinal Stritch University,1.74,820.0
New Jersey City University,1.75,823.5
North Carolina State University at Raleigh,1.75,823.5
Austin Presbyterian Theological Seminary,1.75,823.5
Western Seminary,1.75,823.5
Bethel University,1.75,823.5
Wichita State University,1.75,823.5
Lincoln Memorial University,1.76,830.5
Humphreys College-Stockton and Modesto Campuses,1.76,830.5
Grace College and Theological Seminary,1.76,830.5
University of Minnesota-Twin Cities,1.76,830.5
Union Presbyterian Seminary,1.76,830.5
Hillsdale College,1.76,830.5
Vanderbilt University,1.76,830.5
Concordia University-Saint Paul,1.76,830.5
Graceland University-Lamoni,1.77,836.5
The University of Texas at Austin,1.77,836.5
Asbury Theological Seminary,1.77,836.5
University of California-Santa Cruz,1.77,836.5
Pepperdine University,1.78,841.0
Pennsylvania State University-Main Campus,1.78,841.0
Wisconsin School of Professional Psychology,1.78,841.0
South University-West Palm Beach,1.78,841.0
Chicago Theological Seminary,1.78,841.0
University of Southern California,1.79,846.5
Tufts University,1.79,846.5
Regent University,1.79,846.5
Lutheran Theological Seminary at Philadelphia,1.79,846.5
New York Chiropractic College,1.79,846.5
Fairleigh Dickinson University-Metropolitan Campus,1.79,846.5
Gallaudet University,1.8,851.0
South Carolina State University,1.8,851.0
American International College,1.8,851.0
Piedmont International University,1.81,854.0
College of Saint Elizabeth,1.81,854.0
SUNY College of Optometry,1.81,854.0
University of Pikeville,1.82,857.0
New Mexico State University-Main Campus,1.82,857.0
Dartmouth College,1.82,857.0
Ohio State University-Main Campus,1.84,861.0
University of California-Merced,1.84,861.0
Rowan University,1.84,861.0
Claremont School of Theology,1.84,861.0
Mount Saint Mary's University,1.84,861.0
Notre Dame de Namur University,1.85,864.5
Baptist Theological Seminary at Richmond,1.85,864.5
Trinity International University-Illinois,1.86,867.5
University of Dayton,1.86,867.5
California State University-East Bay,1.86,867.5
Western Michigan University,1.86,867.5
Pentecostal Theological Seminary,1.87,870.5
Teachers College at Columbia University,1.87,870.5
Kentucky State University,1.88,873.5
Five Towns College,1.88,873.5
University of Connecticut,1.88,873.5
Metropolitan State University,1.88,873.5
Northwestern Health Sciences University,1.9,876.5
Carnegie Mellon University,1.9,876.5
Adler University,1.91,878.0
Argosy University-Atlanta,1.92,881.0
University of Bridgeport,1.92,881.0
Covenant Theological Seminary,1.92,881.0
University of California-Berkeley,1.92,881.0
University of California-San Diego,1.92,881.0
The Juilliard School,1.94,884.0
Missouri Baptist University,1.95,886.0
National College of Natural Medicine,1.95,886.0
"University of Maryland, Baltimore",1.95,886.0
Webster University,1.96,888.5
Denver Seminary,1.96,888.5
Trevecca Nazarene University,1.98,890.0
Mississippi State University,1.99,891.0
San Joaquin College of Law,2.02,892.0
Harvard University,2.03,893.0
Gwynedd Mercy University,2.04,894.0
Colorado Technical University-Sioux Falls,2.05,895.0
Columbia International University,2.06,897.0
Wesley Biblical Seminary,2.06,897.0
Logan University,2.06,897.0
Columbia Theological Seminary,2.07,899.0
Pacific School of Religion,2.08,900.5
Marshall B Ketchum University,2.08,900.5
Concordia University-Irvine,2.09,902.5
Concordia Theological Seminary,2.09,902.5
Lesley University,2.1,904.0
University of Dubuque,2.11,906.0
Pittsburgh Theological Seminary,2.11,906.0
Immaculata University,2.11,906.0
South University–Richmond,2.12,909.0
Hartford Seminary,2.12,909.0
Union Theological Seminary in the City of New York,2.12,909.0
Olivet Nazarene University,2.13,912.0
Our Lady of the Lake University,2.13,912.0
California Institute of Technology,2.13,912.0
Westminster Theological Seminary,2.14,915.0
The Chicago School of Professional Psychology at Los Angeles,2.14,915.0
Southern Illinois University-Carbondale,2.14,915.0
Northwest University,2.15,918.0
The Santa Barbara and Ventura Colleges of Law at Santa Barbara,2.15,918.0
United Theological Seminary of the Twin Cities,2.15,918.0
Rabbinical Seminary of America,2.16,920.0
Ner Israel Rabbinical College,2.18,921.0
Argosy University-Chicago,2.19,922.0
Payne Theological Seminary,2.21,923.5
Baker University,2.21,923.5
New Brunswick Theological Seminary,2.23,926.5
Johnson & Wales University-Providence,2.23,926.5
National Louis University,2.23,926.5
World Mission University,2.23,926.5
New England College,2.24,929.5
Trinity Lutheran Seminary,2.24,929.5
Princeton University,2.25,932.5
Rabbinical College Telshe,2.25,932.5
Yale University,2.25,932.5
Argosy University-Sarasota,2.25,932.5
Antioch University-Santa Barbara,2.26,935.0
Life Chiropractic College West,2.27,936.5
Lutheran School of Theology at Chicago,2.27,936.5
Luther Seminary,2.28,938.5
Hood Theological Seminary,2.28,938.5
University of Alabama in Huntsville,2.29,940.5
Charlotte Christian College and Theological Seminary,2.29,940.5
Winebrenner Theological Seminary,2.31,942.0
William Mitchell College of Law,2.32,944.5
University of Oklahoma-Health Sciences Center,2.32,944.5
University of Pennsylvania,2.32,944.5
Walden University,2.32,944.5
Walsh College of Accountancy and Business Administration,2.33,947.5
Gordon-Conwell Theological Seminary,2.33,947.5
Kaplan University-Davenport Campus,2.36,949.5
Houston Graduate School of Theology,2.36,949.5
Embry-Riddle Aeronautical University-Daytona Beach,2.37,951.5
Wilmington University,2.37,951.5
Dongguk University-Los Angeles,2.38,953.0
Unification Theological Seminary,2.39,954.5
Laurel University,2.39,954.5
Trinity Law School,2.41,956.0
Delaware Valley University,2.42,957.5
Argosy University-Twin Cities,2.42,957.5
Indiana Institute of Technology,2.43,959.0
Interdenominational Theological Center,2.47,961.0
University of Rochester,2.47,961.0
Louisiana State University Health Sciences Center-New Orleans,2.47,961.0
Argosy University-Phoenix,2.48,963.0
Sofia University,2.52,964.0
Atlantic Institute of Oriental Medicine,2.53,965.0
Colgate Rochester Crozer Divinity School,2.56,966.5
Bastyr University,2.56,966.5
University of Fort Lauderdale,2.57,969.0
Argosy University-Hawaii,2.57,969.0
Saint Vladimirs Orthodox Theological Seminary,2.57,969.0
Hebrew Union College-Jewish Institute of Religion,2.58,971.0
South Florida Bible College and Theological Seminary,2.59,972.0
Emory University,2.64,973.5
Upstate Medical University,2.64,973.5
United Theological Seminary,2.66,975.0
Saint Mary's University of Minnesota,2.67,976.0
University of Western States,2.68,977.0
Capitol Technology University,2.69,978.0
New York Medical College,2.7,980.0
Maryland University of Integrative Health,2.7,980.0
The University of Texas Health Science Center at Houston,2.7,980.0
University of Nebraska Medical Center,2.71,982.5
Multnomah University,2.71,982.5
Bakke Graduate University,2.72,984.0
Louisville Presbyterian Theological Seminary,2.75,985.0
Princeton Theological Seminary,2.78,986.0
Catholic Theological Union at Chicago,2.81,987.5
Rockefeller University,2.81,987.5
Wagner College,2.85,989.0
Lancaster Theological Seminary,2.86,990.0
Endicott College,2.87,991.5
Medical University of South Carolina,2.87,991.5
Northern Baptist Theological Seminary,2.88,993.0
SUNY Downstate Medical Center,2.89,994.0
Yo San University of Traditional Chinese Medicine,2.92,995.0
Concordia University-Portland,2.93,996.0
Saint Leo University,2.94,997.0
Faith Theological Seminary,2.95,998.0
Bob Jones University,2.97,999.0
