Unnamed: 0,Ovhd,Alt_Ovhd,CONTROL
Rabbinical Academy Mesivta Rabbi Chaim Berlin,0.03,0.0372807017544,2
Mesivtha Tifereth Jerusalem of America,0.14,0.146131805158,2
"Bexley Hall Seabury Western Theological Seminary Federation, Inc.",0.15,0.154639175258,2
Mesivta of Eastern Parkway-Yeshiva Zichron Meilech,0.16,0.161943319838,2
University of Mary,0.18,0.759474327628,2
Beis Medrash Heichal Dovid,0.24,0.241860465116,2
Yeshivath Zichron Moshe,0.24,0.434163701068,2
Bais Medrash Elyon,0.25,0.0,2
Yeshivath Viznitz,0.27,0.173288250211,2
Kettering College,0.28,0.127694556083,2
Yeshiva Gedolah of Greater Detroit,0.29,0.290322580645,2
Arizona State University-Skysong,0.34,0.215258571205,1
Ponce School of Medicine and Health Sciences,0.36,0.588387933831,3
Boston Graduate School of Psychoanalysis Inc,0.36,0.0,2
University of Missouri-Columbia,0.37,1.32144453312,1
East Carolina University,0.39,1.1717996499,1
Naval Postgraduate School,0.4,0.54058538656,1
Mount Carmel College of Nursing,0.43,0.41490926925,2
Massachusetts School of Law,0.45,0.296343537415,2
Appalachian College of Pharmacy,0.48,0.36927733636,2
Antioch University-PhD Program in Leadership and Change,0.49,0.381601362862,2
Hampton University,0.49,0.277763698109,2
University of Management and Technology,0.51,0.388176240937,3
Saint Francis Medical Center College of Nursing,0.52,0.419924337957,2
Knox Theological Seminary,0.53,0.117370892019,2
Union University,0.54,0.39141654979,2
Lindenwood University,0.54,0.365524060646,2
Piedmont College,0.55,0.239808952571,2
Middle Tennessee School of Anesthesia Inc,0.57,0.391081871345,2
Midwestern University-Glendale,0.57,0.344931660415,2
Apex School of Theology,0.58,0.473333333333,2
Emmanuel Christian Seminary,0.59,0.209708737864,2
Inter American University of Puerto Rico-Metro,0.59,0.523153028951,2
Tuskegee University,0.59,0.248634590377,2
Frontier Nursing University,0.59,0.442654764215,2
Yeshivat Mikdash Melech,0.6,0.59509202454,2
University of the District of Columbia-David A Clarke School of Law,0.6,0.421337579618,1
New Orleans Baptist Theological Seminary,0.61,0.617237687366,2
Allen College,0.61,0.389309576837,2
Georgia Christian University,0.61,0.294117647059,2
Baylor College of Medicine,0.62,1.03843915216,2
Colorado State University-Fort Collins,0.63,0.552227595668,1
Trinity Episcopal School for Ministry,0.64,0.364573570759,2
Brigham Young University-Provo,0.64,0.934649915553,2
Michigan State University-College of Law,0.64,0.42107636801,2
Louisiana Tech University,0.64,0.469623496945,1
Salisbury University,0.65,0.6790058862,1
William Carey University,0.66,0.412968879423,2
Savannah Law School,0.66,0.546700942588,3
Tarleton State University,0.66,0.542445679636,1
Stanford University,0.66,2.1373940841,2
Winona State University,0.67,0.50285375097,1
West Chester University of Pennsylvania,0.67,0.542024488891,1
Antioch University-New England,0.67,0.584005376344,2
Institute for the Psychological Sciences,0.67,0.433420365535,2
South Texas College of Law,0.68,0.563192376415,2
Our Lady of the Lake College,0.68,0.500411522634,2
The Chicago School of Professional Psychology at Irvine,0.69,0.615384615385,2
Northeastern Seminary,0.69,0.52380952381,2
Montana Tech of the University of Montana,0.69,0.655190456258,1
Central Michigan University,0.7,0.876752235814,1
Indiana University of Pennsylvania-Main Campus,0.7,0.553587621308,1
Charleston School of Law,0.7,0.45593766792,3
South College,0.7,0.643193652368,3
Rutgers University-Newark,0.7,0.478699276252,1
Southwestern Oklahoma State University,0.7,0.424683212117,1
Yeshiva D'monsey Rabbinical College,0.71,0.711111111111,2
Saint Ambrose University,0.71,0.523880307633,2
Rocky Mountain University of Health Professions,0.71,0.67488899852,3
Oakland City University,0.71,0.314747767318,2
Texas Tech University,0.71,0.746628507371,1
Mirrer Yeshiva Cent Institute,0.71,0.425266903915,2
Hardin-Simmons University,0.72,0.525558925963,2
MGH Institute of Health Professions,0.72,0.675166825548,2
Bloomsburg University of Pennsylvania,0.73,0.605813919067,1
Millersville University of Pennsylvania,0.73,0.717459560431,1
Shippensburg University of Pennsylvania,0.73,0.590416305291,1
Western Michigan University,0.74,0.655075136983,1
Iowa State University,0.74,0.572286523239,1
Samuel Merritt University,0.74,0.606397459165,2
University of Central Arkansas,0.75,0.562281687574,1
Plymouth State University,0.75,0.878050452427,1
South Dakota School of Mines and Technology,0.75,0.662704073546,1
Marshall University,0.76,0.631727347386,1
Spalding University,0.76,0.58869287401,2
MCPHS University,0.76,0.620790855731,2
New York Law School,0.76,0.433043625011,2
The Wright Institute,0.77,0.475832438238,2
Colorado Mesa University,0.77,0.711269892822,1
Old Dominion University,0.78,0.735096740457,1
Slippery Rock University of Pennsylvania,0.78,0.560754532092,1
CUNY Hunter College,0.78,0.486217999625,1
James Madison University,0.78,0.727981483737,1
University of Washington-Tacoma Campus,0.78,0.5021158946,1
Pennsylvania State University-Penn State Harrisburg,0.79,0.476454009736,1
Appalachian State University,0.79,0.625031312625,1
Northeastern State University,0.79,0.57351584128,1
Rutgers University-Camden,0.79,0.489848605578,1
Texas A & M University-College Station,0.79,0.738027931311,1
Missouri State University-Springfield,0.8,0.633747349288,1
Chamberlain College of Nursing-Illinois,0.8,0.316708229426,3
University of Puerto Rico-Rio Piedras,0.8,0.411546186057,1
Sioux Falls Seminary,0.8,0.585253456221,2
Widener University-Commonwealth Law School,0.8,0.429723991507,2
University of Wisconsin-La Crosse,0.8,0.515778161331,1
CUNY City College,0.81,0.549256505576,1
West Texas A & M University,0.81,0.812735800958,1
University of Puget Sound,0.81,0.65547711665,2
Mississippi University for Women,0.82,0.65411590993,1
Barnes-Jewish College Goldfarb School of Nursing,0.82,0.503623188406,2
Universidad Politecnica de Puerto Rico,0.82,0.607896323086,2
Ferris State University,0.82,0.77996814478,1
University of Puerto Rico-Medical Sciences,0.82,0.572423518577,1
Erskine College,0.82,0.639658848614,2
York College Pennsylvania,0.82,0.599327829327,2
Lynchburg College,0.83,0.541379042891,2
University of Wisconsin-Eau Claire,0.83,0.62519962194,1
Eastern Virginia Medical School,0.83,0.451609509783,1
Saint Anthony College of Nursing,0.83,0.628318584071,2
Saybrook University,0.83,0.544697633655,2
Arizona State University-Polytechnic,0.83,0.584111135229,1
Miami University-Oxford,0.83,0.758664991317,1
Rhode Island College,0.83,0.622847637459,1
The Chicago School of Professional Psychology at Washington DC,0.84,0.460916442049,2
Portland State University,0.84,0.894743476617,1
Keck Graduate Institute,0.84,0.509828009828,2
The Chicago School of Professional Psychology at Westwood,0.84,0.460916442049,2
Husson University,0.84,0.795947605403,2
Husson University,0.84,0.795947605403,2
Nazareth College,0.84,0.726773455378,2
Middle Tennessee State University,0.84,0.634389857369,1
Inter American University of Puerto Rico-San German,0.84,0.746529402589,2
Grand Valley State University,0.85,0.622743436296,1
University of Maryland-College Park,0.85,0.855437022434,1
Southern Connecticut State University,0.85,0.545437739337,1
University of Louisiana at Lafayette,0.85,0.845334988185,1
Saint John Fisher College,0.85,0.532993532829,2
University of Wisconsin-Whitewater,0.85,0.545170355869,1
Dowling College,0.86,0.719900703351,2
Colorado School of Mines,0.86,0.801382144191,1
Charlotte School of Law,0.86,0.703893039717,3
Minnesota State University Moorhead,0.86,0.503351920306,1
Millikin University,0.86,0.564661742291,2
Michigan Technological University,0.86,0.855784288602,1
Midwestern University-Downers Grove,0.86,0.611471800373,2
Shenandoah University,0.87,0.597518502394,2
California Institute of the Arts,0.87,0.612835038471,2
D'Youville College,0.87,0.651277092901,2
Virginia Polytechnic Institute and State University,0.87,0.923717036037,1
Southwestern Law School,0.87,0.756054601497,2
Texas A & M University-Texarkana,0.87,0.743700984482,1
Arizona Summit Law School,0.88,0.662242304434,3
Bradley University,0.88,0.574774081907,2
University of Michigan-Dearborn,0.88,0.66899274943,1
The University of Texas Rio Grande Valley,0.88,0.665811458378,1
Arkansas Tech University,0.88,0.725958239388,1
University of North Carolina at Chapel Hill,0.88,1.63300082445,1
University of Northern Colorado,0.88,0.790959608031,1
Ohio Northern University,0.88,0.682120853818,2
Texas A & M University-Corpus Christi,0.88,0.89140512197,1
Bryan College of Health Sciences,0.88,0.728655959425,2
University of the Cumberlands,0.89,0.786371754362,2
Shepherd University,0.89,0.900331439394,1
Shepherd University,0.89,0.900331439394,2
The University of Texas at Dallas,0.89,0.86762030383,1
Radford University,0.89,0.727707258396,1
Florida State University,0.89,0.919793383709,1
George Mason University,0.89,0.891995416872,1
Eastern Michigan University,0.89,0.693308642384,1
Louisiana State University-Shreveport,0.9,0.707454289733,1
Youngstown State University,0.9,0.817003864515,1
Pacific University,0.9,0.6849143133,2
Western State College of Law at Argosy University,0.9,0.797602581835,3
The University of Tennessee-Chattanooga,0.9,0.676435787749,1
Lamar University,0.9,0.676699692518,1
Notre Dame of Maryland University,0.9,0.697460285338,2
Langston University,0.9,0.661191468497,1
Antioch University-Seattle,0.91,0.857079449623,2
The Chicago School of Professional Psychology at Chicago,0.91,0.623753738784,2
University of North Texas,0.91,0.682245143725,1
Thomas Jefferson School of Law,0.92,0.648227590878,2
Southeastern Louisiana University,0.92,0.713534194165,1
Virginia State University,0.92,0.894933457857,1
Texas Christian University,0.92,0.872287442191,2
Ithaca College,0.92,0.672209941911,2
Campbell University,0.92,0.500168164128,2
SUNY at Binghamton,0.92,0.758381818492,1
Nebraska Methodist College of Nursing & Allied Health,0.92,0.725687259829,2
Texas Woman's University,0.92,0.805955222918,1
Memphis Theological Seminary,0.92,0.392086330935,2
Prescott College,0.93,0.735749185668,2
Valdosta State University,0.93,0.771275355561,1
Florida Gulf Coast University,0.93,0.722592887311,1
Mississippi College,0.93,0.637895742358,2
Forest Institute of Professional Psychology,0.93,0.840957072484,2
Seattle University,0.93,0.575330226268,2
Texas A & M University-Commerce,0.93,0.908416988417,1
Texas Southern University,0.94,0.659582587255,1
Central Connecticut State University,0.94,0.516076280568,1
Cedarville University,0.94,0.541038197845,2
Concordia University-Chicago,0.94,0.698483897013,2
Inter American University of Puerto Rico-Ponce,0.94,0.688066319645,2
Angelo State University,0.95,0.730705097666,1
The John Marshall Law School,0.95,0.483935519733,2
University of East-West Medicine,0.95,0.582524271845,3
University of Akron Main Campus,0.95,0.715604329525,1
University of New Hampshire-School of Law,0.95,0.979532163743,1
Bowling Green State University-Main Campus,0.95,0.909956610222,1
University of Louisiana at Monroe,0.96,0.531997716302,1
Northwestern State University of Louisiana,0.96,0.680174964621,1
Caribbean University-Ponce,0.96,0.457180500659,2
University of Nebraska at Omaha,0.96,0.85511053316,1
Western Illinois University,0.96,0.59459240013,1
California University of Pennsylvania,0.97,0.767429008672,1
St John's University-New York,0.97,0.694344715886,2
The University of Texas at Tyler,0.97,0.848531959312,1
Reformed Presbyterian Theological Seminary,0.97,0.714285714286,2
University of New Hampshire-Main Campus,0.97,1.22536397737,1
Wingate University,0.97,0.517954208532,2
University of Evansville,0.97,0.646762471093,2
Indiana University-Purdue University-Indianapolis,0.97,1.11101874942,1
Minnesota State University-Mankato,0.97,0.541820564756,1
The University of Findlay,0.97,0.707143355911,2
University of Holy Cross,0.97,0.682627621686,2
The University of Texas at Brownsville,0.97,0.860514834206,1
Oblate School of Theology,0.98,1.12900274474,2
Stephen F Austin State University,0.98,0.748674410764,1
Towson University,0.98,0.973307790549,1
Faulkner University,0.98,0.511395441823,2
Wesleyan University,0.98,0.64530747892,2
Georgia College and State University,0.98,0.803146217845,1
University of Massachusetts-Amherst,0.98,0.820423994789,1
William James College,0.98,0.728756802009,2
Brooklyn Law School,0.99,0.655053497215,2
Judson University,0.99,0.797947908445,2
Southwest Baptist University,0.99,0.78181544029,2
Capital University,0.99,0.641628565208,2
Chapman University,0.99,0.714208450704,2
Florida Institute of Technology,0.99,0.913627563317,2
Saginaw Valley State University,1.0,0.765569331623,1
Florida Agricultural and Mechanical University,1.0,0.95301212804,1
Roger Williams University School of Law,1.0,0.877055039314,2
Arizona State University-Downtown Phoenix,1.0,0.735377762549,1
Stony Brook University,1.0,0.810464812697,1
Southern University Law Center,1.0,0.890350877193,1
Texas State University,1.0,0.786175983762,1
Texas Wesleyan University,1.0,0.717359413203,2
University of Detroit Mercy,1.0,0.658131160659,2
Viterbo University,1.01,0.610594658403,2
University of Wisconsin-Milwaukee,1.01,0.793741177029,1
George Fox University,1.01,0.598589796765,2
Jacksonville University,1.01,0.775656137042,2
Daemen College,1.01,0.796082820369,2
Prairie View A & M University,1.01,0.639197219419,1
Murray State University,1.01,0.657957732029,1
Andover Newton Theological School,1.01,0.670713201821,2
Northern Michigan University,1.01,0.774030509098,1
University of South Alabama,1.02,0.736699593842,1
North Greenville University,1.02,0.502595265223,2
Albany Law School,1.02,0.602390438247,2
Oregon State University,1.02,0.902348098023,1
Pittsburg State University,1.02,0.777685221482,1
Indiana University-Bloomington,1.02,1.05922583517,1
University of Minnesota-Duluth,1.02,0.831247807274,1
University of Colorado Colorado Springs,1.02,0.488106461672,1
University of North Carolina Wilmington,1.02,0.745478322546,1
Winston-Salem State University,1.02,0.88106320964,1
Central Baptist Theological Seminary,1.02,0.730337078652,2
University of Hawaii at Hilo,1.02,0.484848484848,1
Methodist University,1.03,0.580369700623,2
Tennessee Technological University,1.03,0.465028758077,1
Clarkson University,1.03,0.734681571501,2
Missouri University of Science and Technology,1.03,0.808222005957,1
California Baptist University,1.03,0.616807540824,2
Mercyhurst University,1.03,0.487450699175,2
University of Wisconsin-Oshkosh,1.03,0.685085699667,1
University of Memphis,1.03,0.603004703142,1
California State University-Fresno,1.04,0.611428341644,1
Armstrong State University,1.04,0.887848669445,1
Alliant International University-San Diego,1.04,0.678708439898,3
Columbus State University,1.04,0.833192567568,1
New York Theological Seminary,1.04,0.986888111888,2
Grambling State University,1.04,0.853758659027,1
Georgia Southern University,1.04,0.942932258001,1
Pacific Lutheran University,1.04,0.892953581072,2
The College of Saint Scholastica,1.04,0.7181272509,2
University of Hawaii at Manoa,1.04,0.603594608088,1
Touro University California,1.05,0.893929058663,2
SUNY Polytechnic Institute,1.05,0.711775483011,1
Inter American University of Puerto Rico-School of Optometry,1.05,0.628616106333,2
Willamette University,1.05,0.763770615501,2
Claremont Graduate University,1.05,0.946749595297,2
Arizona State University-West,1.05,0.699773216259,1
University of Rhode Island,1.05,0.797981094831,1
Texas Health and Science University,1.05,0.630727762803,3
University of Missouri-Kansas City,1.05,0.878442887252,1
Oakland University,1.05,0.701062689766,1
University of Southern Mississippi,1.06,1.01637439037,1
Pennsylvania State University-Dickinson Law,1.06,0.744305973356,1
Smith College,1.06,0.818568090079,2
Concordia University-Wisconsin,1.06,0.776380652997,2
Inter American University of Puerto Rico-School of Law,1.06,0.611348122867,2
University of Wisconsin-Stevens Point,1.06,0.75357912074,1
Texas A & M University-Kingsville,1.06,0.874612654234,1
College of Staten Island CUNY,1.06,0.682282045847,1
Illinois Institute of Technology,1.06,0.920439246045,2
California State University-Long Beach,1.06,0.709302472809,1
University of Oregon,1.06,0.99472261133,1
Southern College of Optometry,1.06,0.84683912969,2
University of Houston-Clear Lake,1.06,0.966725908373,1
Arkansas State University-Main Campus,1.06,0.935967175406,1
Western Carolina University,1.07,0.755022126007,1
Andrews University,1.07,0.898992826607,2
Otterbein University,1.07,0.667601451666,2
Clarke University,1.07,0.767310317925,2
Southern Methodist University,1.07,1.09754925517,2
High Point University,1.07,0.74407870764,2
Washburn University,1.07,0.78766580352,1
Whittier College,1.07,0.612295200812,2
St Mary's University,1.07,0.899031050429,2
Howard University,1.07,0.791491864947,2
Clemson University,1.07,0.939772846676,1
Sam Houston State University,1.07,0.868328109134,1
Western New England University,1.08,0.701279953806,2
College of William and Mary,1.08,0.947121392216,1
Frostburg State University,1.08,0.901223481872,1
St Catherine University,1.08,0.748389541493,2
Northern Kentucky University,1.08,0.693063873446,1
Utah State University,1.08,0.962817425107,1
Huntington University,1.08,0.967414694128,2
Saint Cloud State University,1.08,0.590534085975,1
Atlanta's John Marshall Law School,1.08,0.733695652174,3
Eastern Washington University,1.08,0.794530299884,1
AOMA Graduate School of Integrative Medicine,1.08,0.352365415987,3
University of North Carolina at Charlotte,1.09,0.884404608836,1
Jacksonville State University,1.09,0.67093317458,1
Washington and Lee University,1.09,0.743585206158,2
West Virginia University,1.09,0.919556835375,1
Catholic University of America,1.09,0.701435351976,2
Fairleigh Dickinson University-College at Florham,1.09,0.744496463791,2
New England Law-Boston,1.09,0.840772818121,2
Sofia University,1.09,0.56462585034,3
New York College of Podiatric Medicine,1.09,0.956356078975,2
California Western School of Law,1.09,0.801539217292,2
California State University-Los Angeles,1.09,0.737473846493,1
University of North Georgia,1.1,0.835596406935,1
Anderson University,1.1,0.699605988968,2
Albany College of Pharmacy and Health Sciences,1.1,0.892138511933,2
Anderson University,1.1,0.699605988968,2
Northern Arizona University,1.1,0.869813722688,1
Loyola University Maryland,1.1,0.932004271983,2
Yeshiva Derech Chaim,1.1,0.949090909091,2
Dominican University,1.1,0.948993533109,2
Morgan State University,1.1,1.02468754388,1
San Francisco State University,1.1,0.815044081786,1
California State University-Fullerton,1.1,0.766085574177,1
Ball State University,1.1,0.795923232805,1
Oklahoma City University,1.1,0.697994056464,2
Calvin Theological Seminary,1.1,0.874918566775,2
Briar Cliff University,1.1,0.553728714034,2
Fayetteville State University,1.1,0.799580667706,1
New England College of Optometry,1.11,0.713975951114,2
The University of Texas at El Paso,1.11,1.00236428625,1
Mills College,1.11,0.87913094148,2
The University of Montana,1.11,1.00841351966,1
Milligan College,1.11,0.798315163528,2
Brite Divinity School,1.11,0.820788530466,2
Nazarene Theological Seminary,1.12,0.644257703081,2
Arcadia University,1.12,0.91369668642,2
University of Southern Indiana,1.12,0.86094040303,1
University of Kansas,1.12,1.09311229032,1
Harding University,1.12,0.702980018656,2
University of Portland,1.12,0.863565211947,2
University of Jamestown,1.13,0.523964256702,2
Summit University of Pennsylvania,1.13,1.08320726172,2
Delta State University,1.13,0.721971252567,1
Rockhurst University,1.13,0.746475419885,2
University of Scranton,1.13,0.75858525983,2
Brenau University,1.13,0.742826920534,2
Azusa Pacific University,1.13,1.11784679916,2
University of Toledo,1.13,0.812829369036,1
Belmont University,1.13,0.765311287329,2
University of Michigan-Flint,1.13,0.843127306273,1
Michigan State University,1.13,1.0846928787,1
University of Alaska Anchorage,1.13,0.83712058775,1
King University,1.13,0.705017033137,2
Robert Morris University,1.14,0.780743467812,2
Carson-Newman University,1.14,0.59711506206,2
Idaho State University,1.14,0.984316044377,1
Emporia State University,1.14,1.0375,1
Nyack College,1.14,0.728745563956,2
Dakota State University,1.14,1.04392725031,1
Northwest Nazarene University,1.14,0.888147497805,2
Ave Maria School of Law,1.14,0.85035035035,2
University of Wyoming,1.14,0.754435939464,1
Southern University and A & M College,1.14,0.799232158988,1
Creighton University,1.14,0.975615807994,2
University of Hartford,1.15,0.630782714732,2
Loyola University New Orleans,1.15,0.816786879221,2
Xavier University,1.15,0.781019399011,2
Bowie State University,1.15,1.10588519055,1
Worcester Polytechnic Institute,1.15,0.930052913047,2
East Tennessee State University,1.15,0.8407065521,1
Baylor University,1.15,0.855396065922,2
Troy University,1.15,0.767176090556,1
Mount Saint Joseph University,1.15,0.721238938053,2
DePaul University,1.15,0.87572840427,2
Appalachian School of Law,1.15,0.688364524003,2
Montclair State University,1.15,0.889732435292,1
University of Massachusetts-Lowell,1.15,0.952764627066,1
Stetson University,1.15,0.66757952391,2
University of St Thomas,1.15,0.836801664799,2
University of St Thomas,1.15,0.836801664799,2
University of Tulsa,1.16,0.840828073388,2
Suffolk University,1.16,0.91703368987,2
University at Buffalo,1.16,0.840400712452,1
University of Richmond,1.16,0.921444196053,2
William Paterson University of New Jersey,1.16,0.745397035219,1
Wayne State University,1.16,0.892173071495,1
South University-Savannah,1.17,1.07894085622,3
University of Oklahoma-Norman Campus,1.17,1.10994561371,1
Presbyterian College,1.17,0.66425389755,2
California State University-Northridge,1.17,0.788766161486,1
University of California-Santa Barbara,1.17,1.04650476582,1
North Park University,1.17,0.46578500364,2
University of Nebraska-Lincoln,1.17,1.08194921841,1
Wake Forest University,1.17,1.13198982987,2
Boise State University,1.17,1.00509094171,1
Brown University,1.17,1.01825520965,2
University of Cincinnati-Main Campus,1.17,0.974592266813,1
California State University-Stanislaus,1.17,0.825674349025,1
Touro University Nevada,1.18,1.24992030602,2
Drexel University,1.18,0.897082664625,2
Walsh University,1.18,0.628165149058,2
Indiana State University,1.18,0.797864831481,1
Saint Mary's College,1.18,0.796990767126,2
Manchester University,1.18,0.828866554997,2
Duquesne University,1.18,0.973462278852,2
Florida Atlantic University,1.18,1.39196937384,1
Loyola University Chicago,1.18,0.874530363852,2
University of Pittsburgh-Pittsburgh Campus,1.18,0.915495061831,1
University of Denver,1.18,0.835699703756,2
University of Maryland Eastern Shore,1.18,1.25021031126,1
Northeastern University,1.18,0.782079464059,2
North Carolina A & T State University,1.18,1.01582093702,1
University of West Georgia,1.19,0.951510758431,1
Coastal Carolina University,1.19,0.692313152104,1
Palm Beach Atlantic University,1.19,0.748432180613,2
University of Colorado Boulder,1.19,1.3896433491,1
South Dakota State University,1.19,0.775551405643,1
Ashland University,1.19,0.936792010188,2
Fielding Graduate University,1.19,0.913222141649,2
Bentley University,1.2,0.915901308842,2
Barry University,1.2,0.934823631877,2
University of the Sciences,1.2,1.02957607624,2
LIU Brooklyn,1.2,0.775567125325,2
Butler University,1.2,0.928866599799,2
California Lutheran University,1.2,0.705731444231,2
Eden Theological Seminary,1.2,0.953341740227,2
Edgewood College,1.2,0.734335232093,2
University of Massachusetts-Dartmouth,1.2,1.04885965416,1
New York University,1.2,0.868868073448,2
University of St Augustine for Health Sciences,1.21,1.14214016849,3
University of the Incarnate Word,1.21,0.833587357613,2
University of North Texas at Dallas,1.21,1.02150308708,1
University of Wisconsin-Stout,1.21,0.86326579261,1
Lewis & Clark College,1.21,0.892204952426,2
California State Polytechnic University-Pomona,1.21,0.821990885726,1
California State University-Sacramento,1.21,0.784129503839,1
Western Kentucky University,1.21,0.708683584457,1
Garrett-Evangelical Theological Seminary,1.21,0.85186894324,2
Roseman University of Health Sciences,1.21,0.945418035779,2
Case Western Reserve University,1.22,0.937155399932,2
University of Saint Mary,1.22,0.757997630332,2
Villanova University,1.22,0.977471331579,2
Lewis University,1.22,0.8215047726,2
Pentecostal Theological Seminary,1.22,0.776456599287,2
University of Arkansas at Little Rock,1.22,0.794207683073,1
Wright State University-Main Campus,1.22,1.03441771132,1
Gannon University,1.22,0.78585915099,2
Argosy University-Schaumburg,1.22,1.01485148515,3
North Carolina Central University,1.22,1.01359962975,1
Sullivan University,1.22,1.13194301053,3
McKendree University,1.22,0.662044250545,2
Drake University,1.22,0.81661429044,2
Loma Linda University,1.22,0.944861604197,2
Molloy College,1.22,0.89289822607,2
University of Pikeville,1.22,0.739959655236,2
West Coast University-Los Angeles,1.23,1.11958588633,3
University of Puerto Rico-Mayaguez,1.23,0.61073455901,1
Adams State University,1.23,1.15425715271,1
University of South Carolina-Columbia,1.23,1.11960385763,1
Lindsey Wilson College,1.23,0.631816063384,2
The Sage Colleges,1.23,0.895848161329,2
Southeastern Baptist Theological Seminary,1.23,1.06427110722,2
University of Central Florida,1.23,1.28711440843,1
Lebanon Valley College,1.23,0.858282128383,2
University of Houston,1.23,1.17009219836,1
Massachusetts Institute of Technology,1.23,1.87477124718,2
Clark University,1.24,0.92983344587,2
Michigan School of Professional Psychology,1.24,0.892116182573,2
University of New England,1.24,0.713665254237,2
Purdue University-Calumet Campus,1.24,1.01471343028,1
University of Notre Dame,1.24,1.22820007579,2
Manhattan School of Music,1.24,0.911791342148,2
San Diego State University,1.24,0.775700544868,1
Corban University,1.24,1.15449061662,2
Temple University,1.24,0.92712708093,1
Regis University,1.24,1.04633688165,2
Eastern Kentucky University,1.25,0.910758359097,1
Alabama State University,1.25,0.713070456365,1
University of Northern Iowa,1.25,1.09785307434,1
Salve Regina University,1.25,0.870545021344,2
Lancaster Bible College,1.25,1.05414595867,2
University of California-Hastings College of Law,1.25,1.01884689432,1
Syracuse University,1.25,1.14842667166,2
Rochester Institute of Technology,1.25,0.994205769187,2
Boston College,1.25,1.17756464658,2
Rensselaer Polytechnic Institute,1.25,1.03312299347,2
Lehigh University,1.25,1.01787724981,2
Nashotah House,1.25,0.838899803536,2
Fordham University,1.25,0.995199315179,2
University of Louisville,1.25,1.11114169706,1
Kent State University at Kent,1.25,1.19186554622,1
University of Nevada-Las Vegas,1.25,0.829884129174,1
Virginia Commonwealth University,1.25,1.09845641165,1
University of Maryland-Baltimore County,1.26,1.31918044927,1
San Jose State University,1.26,0.828800629447,1
SUNY at Albany,1.26,1.04653327129,1
Saint Louis University,1.26,1.0462376793,2
Vermont Law School,1.26,1.11289929286,2
Springfield College,1.26,0.732478692682,2
Stevens Institute of Technology,1.26,1.06038692362,2
Marywood University,1.26,0.786753095654,2
Southern Illinois University-Edwardsville,1.26,0.806965131663,1
LIU Post,1.26,0.749301648503,2
Santa Clara University,1.27,1.00153234339,2
Bethel Seminary-St Paul,1.27,0.614509246088,2
The New England Conservatory of Music,1.27,1.00813953488,2
University of North Carolina at Greensboro,1.27,0.975120499008,1
Kean University,1.27,0.99923540386,1
National University of Health Sciences,1.27,0.988948787062,2
Iliff School of Theology,1.27,1.13752591569,2
Middlebury College,1.27,1.0216824203,2
Gonzaga University,1.27,0.918827541601,2
Washington University in St Louis,1.27,1.137794368,2
Dominican College of Blauvelt,1.27,0.816360913516,2
University of Indianapolis,1.28,0.897918188459,2
University of South Florida-Main Campus,1.28,1.16053871264,1
Sewanee-The University of the South,1.28,0.96686511045,2
South Baylo University,1.28,0.865720524017,2
Keiser University-Ft Lauderdale,1.28,1.26191918035,2
Bryn Mawr College,1.29,1.13615379751,2
American College of Traditional Chinese Medicine,1.29,1.23746701847,2
Marian University,1.29,0.81498951782,2
Saint Peter's University,1.29,0.948187705943,2
University of Charleston,1.29,0.817403486924,2
Carlow University,1.29,0.963607085346,2
Pontifical Catholic University of Puerto Rico-Ponce,1.29,0.872146118721,2
Niagara University,1.29,1.06173281964,2
Marian University,1.29,0.81498951782,2
College of Saint Mary,1.29,0.965299684543,2
Misericordia University,1.29,0.684948270108,2
Yeshiva University,1.29,0.981221087345,2
Governors State University,1.29,1.01061700945,1
Southwestern Assemblies of God University,1.29,0.904440697021,2
Elon University,1.29,0.814131126671,2
Caldwell University,1.29,1.04818833916,2
Maranatha Baptist University,1.29,0.948440483768,2
Cleveland University-Kansas City,1.3,1.07646810308,2
DeSales University,1.3,0.759518072289,2
University of Massachusetts-Boston,1.3,0.773007566414,1
Auburn University at Montgomery,1.3,1.17553378902,1
Oklahoma State University-Main Campus,1.3,0.981634988716,1
Valparaiso University,1.3,0.934944417593,2
Northern Illinois University,1.31,1.02928824567,1
Hofstra University,1.31,0.927738688306,2
Ursuline College,1.31,0.997881355932,2
Lincoln University,1.31,0.973488729508,2
Western Connecticut State University,1.31,0.792593745138,1
Samford University,1.31,0.967679691269,2
Saint Paul School of Theology,1.32,1.29110105581,2
Alaska Pacific University,1.32,1.21981004071,2
Marymount University,1.32,0.915739804516,2
Trinity Lutheran Seminary,1.32,1.14223194748,2
National University,1.32,0.774604722435,2
Clarkson College,1.32,1.05408482778,2
St Louis College of Pharmacy,1.33,1.20205812822,2
University of Miami,1.33,1.32700544245,2
Utica College,1.33,1.0,2
Xavier University of Louisiana,1.33,0.931684408265,2
Madonna University,1.33,0.776812313803,2
Abilene Christian University,1.33,0.964687187334,2
Texas Chiropractic College Foundation Inc,1.33,1.2250656168,2
University of Vermont,1.33,1.01313506353,1
Seton Hall University,1.33,0.814779175919,2
McCormick Theological Seminary,1.34,1.40281690141,2
Wheeling Jesuit University,1.34,0.776874854887,2
Morehead State University,1.34,0.737119730799,1
Western University of Health Sciences,1.34,1.24845295883,2
Loyola Marymount University,1.34,1.06069044242,2
University of Baltimore,1.34,1.13528820681,1
University of Mary Hardin-Baylor,1.34,0.92776028247,2
University of Utah,1.34,1.35768936159,1
Cleveland State University,1.34,1.08194048104,1
University of Missouri-St Louis,1.35,0.964540363338,1
Fairfield University,1.35,0.805550767109,2
Life University,1.35,1.11833333333,2
John F. Kennedy University,1.35,1.09522487507,2
American Baptist Seminary of the West,1.35,1.19518716578,2
University of Virginia-Main Campus,1.35,1.12165151441,1
University of New Haven,1.35,0.815549050914,2
Norfolk State University,1.35,1.07040918426,1
Widener University-Delaware Law School,1.35,0.677649154052,2
University of Southern Maine,1.36,0.803756101597,1
University of San Francisco,1.36,1.16729319895,2
Tulane University of Louisiana,1.36,1.31478408849,2
Pontifical Catholic University of Puerto Rico-Arecibo,1.36,1.09001233046,2
Texas A & M International University,1.36,1.13846481574,1
University of Delaware,1.36,1.02486560218,1
University of Dallas,1.36,1.08705137995,2
Saint Vincent College,1.36,0.974343025968,2
Mary Baldwin College,1.36,0.905782375762,2
Washington State University,1.36,1.21701897855,1
Sacred Heart University,1.36,1.02737200397,2
Gardner-Webb University,1.36,0.701075054748,2
Cleveland Institute of Music,1.36,0.789279731993,2
Adelphi University,1.37,0.952001217471,2
South University-Tampa,1.37,1.37395165269,3
Concordia Seminary,1.37,0.74802671524,2
Alfred University,1.37,0.879342431762,2
Mercer University,1.37,1.13558833883,2
Ohio University-Main Campus,1.37,1.14179569922,1
Mercy College,1.37,0.72534851004,2
University of South Dakota,1.37,1.01398096784,1
University of St Francis,1.38,0.791683433937,2
Auburn University,1.38,1.07704431753,1
The University of Alabama,1.38,1.08822192685,1
Quinnipiac University,1.38,1.14945325171,2
Seattle Pacific University,1.38,1.27700229543,2
Marquette University,1.38,0.834703243262,2
Vanderbilt University,1.38,1.42640110613,2
Georgia State University,1.38,0.998234431909,1
Freed-Hardeman University,1.38,0.893731454006,2
Bellarmine University,1.38,1.13466977208,2
Saint Francis University,1.38,0.846936361486,2
California Institute of Integral Studies,1.38,0.776817488561,2
Arizona State University-Tempe,1.39,1.27899808763,1
Amridge University,1.39,0.914910858995,2
Carroll University,1.39,0.958842367453,2
Simmons College,1.39,1.22666057978,2
Purdue University-Main Campus,1.39,1.13804853387,1
University of North Florida,1.39,1.38407329105,1
University of Arkansas for Medical Sciences,1.39,0.785637862672,1
University of Arkansas,1.39,1.14158617438,1
SUNY College of Environmental Science and Forestry,1.39,0.882023615635,1
Seminario Evangelico de Puerto Rico,1.39,1.02281368821,2
University of Maine,1.39,0.759037836067,1
Wilkes University,1.39,0.757586864096,2
Humphreys College-Stockton and Modesto Campuses,1.39,1.22163934426,2
Kansas State University,1.4,1.21967161387,1
La Sierra University,1.4,1.14217228464,2
Colorado Technical University-Sioux Falls,1.4,1.23602484472,3
The University of Texas at Arlington,1.4,1.21150345832,1
The University of Texas at San Antonio,1.4,1.14299233752,1
University of San Diego,1.4,0.921824835545,2
University of California-Irvine,1.41,1.25180209333,1
Bard College,1.41,0.747239680652,2
Boston University,1.41,1.14459317281,2
University of Alaska Fairbanks,1.41,1.24588010509,1
Southern Adventist University,1.41,0.954527636221,2
Rollins College,1.41,0.90557683102,2
Roosevelt University,1.41,0.939711591791,2
Wheaton College,1.41,1.20149525894,2
Felician University,1.42,1.03655309295,2
Western Theological Seminary,1.42,0.991964285714,2
South University-Columbia,1.42,1.37254901961,3
Dallas Baptist University,1.42,0.783357505439,2
University of Redlands,1.42,1.01859185919,2
Medaille College,1.42,0.818225534984,2
University of La Verne,1.42,1.18824809576,2
Eastern University,1.42,0.911452575724,2
Oral Roberts University,1.43,1.19181561618,2
Alabama College of Osteopathic Medicine,1.43,0.666494845361,2
Tennessee State University,1.44,0.748176019823,1
Brandeis University,1.44,0.973202092298,2
California State University-San Bernardino,1.44,1.01621870769,1
American University,1.44,1.06983746236,2
Indiana University-Purdue University-Fort Wayne,1.44,1.07076566125,1
Manhattanville College,1.44,1.1199605474,2
Pace University-New York,1.44,1.24832039789,2
Sherman College of Straight Chiropractic,1.45,1.27169505272,2
Biblical Theological Seminary,1.45,1.34558823529,2
American College of Acupuncture and Oriental Med,1.45,1.45038167939,3
University of Illinois at Springfield,1.45,1.13976574775,1
Chestnut Hill College,1.45,1.10976179355,2
New Jersey Institute of Technology,1.45,0.971869817132,1
Holy Family University,1.45,0.759829211884,2
Saint Mary's College of California,1.46,1.09717920354,2
Jackson State University,1.46,1.23264162853,1
Point Park University,1.46,0.968124315171,2
Georgetown University,1.46,1.2884623306,2
University of Wisconsin-Madison,1.47,1.2038862707,1
Maharishi University of Management,1.47,0.702546852475,2
Hamline University,1.47,1.05929426111,2
University of Illinois at Chicago,1.47,1.06694678813,1
Montana State University,1.47,1.21152235427,1
Colorado Technical University-Colorado Springs,1.48,0.917513448894,3
University of California-Riverside,1.48,1.15153373465,1
University of Colorado Denver/Anschutz Medical Campus,1.48,1.12981840194,1
Dallas Theological Seminary,1.48,1.32443626323,2
The Master's College and Seminary,1.48,1.02455121436,2
Wolford College,1.48,1.42307692308,3
The Southern Baptist Theological Seminary,1.48,1.06526974952,2
University of Georgia,1.48,1.08419651887,1
CUNY Graduate School and University Center,1.48,1.07345762983,1
New England College,1.48,1.17278243282,2
Regent University,1.49,0.896697849204,2
Drew University,1.49,1.05469772311,2
Neumann University,1.49,1.06846733668,2
Institute for Doctoral Studies in the Visual Arts,1.5,1.50617283951,2
Florida Coastal School of Law,1.5,0.835857958778,3
University of Kentucky,1.5,1.54590114812,1
Adler University,1.5,0.988734509951,2
Wisconsin School of Professional Psychology,1.5,1.5,2
The University of Tennessee-Knoxville,1.5,1.19221918309,1
Trine University,1.5,0.615888615889,2
Alabama A & M University,1.5,1.02896863886,1
Northwestern University,1.51,1.22647568211,2
Stockton University,1.51,1.03709536308,1
Alvernia University,1.51,1.24022174315,2
Touro College,1.51,1.26382978723,2
Rice University,1.51,1.1988573448,2
St Thomas University,1.51,0.977165956517,2
The University of West Florida,1.51,1.52281090667,1
Kennesaw State University,1.51,1.42282488808,1
Philadelphia University,1.51,1.23290665002,2
Monmouth University,1.51,0.97486706547,2
Piedmont International University,1.51,0.989130434783,2
Regis College,1.51,0.984665427509,2
Kennesaw State University,1.51,1.42282488808,1
Delaware State University,1.52,0.715158068825,1
Augsburg College,1.52,1.23202699195,2
William Woods University,1.52,0.845921450151,2
Clark Atlanta University,1.53,1.26169265033,2
Lincoln Christian University,1.53,0.817142857143,2
Franklin Pierce University,1.53,0.875527070332,2
Florida Southern College,1.53,0.903261952191,2
Southeastern University,1.54,1.04249966901,2
University of Florida,1.54,1.20040056079,1
Chatham University,1.54,0.966579634465,2
University of the West,1.55,1.07783882784,2
CUNY School of Law,1.56,1.16978530628,1
Notre Dame de Namur University,1.57,0.903599242265,2
Duke University,1.57,1.31436133926,2
Houston Graduate School of Theology,1.57,0.961651917404,2
University of Iowa,1.57,1.16438485189,1
Illinois College of Optometry,1.57,0.795706749136,2
University of Washington-Seattle Campus,1.57,1.51377839435,1
Florida International University,1.58,1.39734738012,1
Ave Maria University,1.58,1.20891218873,2
Columbia University in the City of New York,1.58,1.47112243343,2
Rowan University,1.58,1.2122673829,1
Universidad Metropolitana,1.58,1.37957523723,2
Hartford Seminary,1.58,1.6170212766,2
University of Arizona,1.58,1.34343274112,1
New York Institute of Technology,1.58,1.2479296941,2
University of Nevada-Reno,1.58,1.19424713282,1
College of Our Lady of the Elms,1.58,1.04369890048,2
University of New Mexico-Main Campus,1.59,1.40813742159,1
University of the Pacific,1.59,1.3152016246,2
North Dakota State University-Main Campus,1.6,1.15916919119,1
Wesley Theological Seminary,1.6,0.811344019729,2
University of Idaho,1.61,1.13870975533,1
University of Saint Joseph,1.61,0.701715065289,2
The New School,1.61,1.32658696118,2
Saint Joseph's University,1.61,0.852313234025,2
Liberty University,1.61,0.628313995852,2
Faith Evangelical College & Seminary,1.61,0.962462462462,2
University of Arkansas at Pine Bluff,1.61,1.07457240593,1
University of Alabama at Birmingham,1.61,1.2516672169,1
New York Chiropractic College,1.61,1.41572769953,2
Emory & Henry College,1.61,0.94816127603,2
Chicago Theological Seminary,1.61,1.21341463415,2
University of North Dakota,1.61,1.10046942373,1
Claremont School of Theology,1.62,0.838287752675,2
Cardinal Stritch University,1.62,1.51960631151,2
Yo San University of Traditional Chinese Medicine,1.62,1.22894168467,2
University of Michigan-Ann Arbor,1.63,1.25540732618,1
Benedictine University,1.63,1.18355091384,2
Universidad Del Turabo,1.63,1.3075819446,2
Louisiana State University and Agricultural & Mechanical College,1.63,1.38276427985,1
La Salle University,1.64,1.02251416795,2
Mount Mary University,1.64,1.26090675791,2
Widener University-Main Campus,1.64,1.05493972984,2
South Carolina State University,1.64,0.932104839431,1
Maple Springs Baptist Bible College and Seminary,1.64,1.51612903226,2
New Brunswick Theological Seminary,1.64,0.992831541219,2
Lincoln Memorial University,1.64,1.24893879228,2
Chicago State University,1.65,0.979021366102,1
Illinois State University,1.65,1.02786750165,1
University of New Orleans,1.65,1.40313549832,1
University of Illinois at Urbana-Champaign,1.66,1.24406127096,1
Asbury Theological Seminary,1.66,1.39211195929,2
Lutheran Theological Seminary at Philadelphia,1.67,1.58125,2
University of California-Los Angeles,1.67,1.54575592517,1
Methodist Theological School in Ohio,1.67,1.16266375546,2
Evangel University,1.67,0.866061705989,2
Lipscomb University,1.67,0.950909692359,2
Lawrence Technological University,1.67,1.37728408045,2
Maryville University of Saint Louis,1.68,1.36306048938,2
The University of Texas at Austin,1.68,1.58570838496,1
Virginia Union University,1.68,1.20445908285,2
Aquinas Institute of Theology,1.68,1.50125944584,2
Wichita State University,1.69,1.37620858499,1
Maryland University of Integrative Health,1.7,1.35160575858,2
Wagner College,1.7,0.743874058864,2
Denver Seminary,1.7,1.40701381509,2
Golden Gate University-San Francisco,1.71,1.33531428571,2
Union Presbyterian Seminary,1.71,1.01314508277,2
Western Michigan University-Thomas M. Cooley Law School,1.72,1.12960983431,2
Coppin State University,1.72,1.5673717763,1
George Washington University,1.72,1.34455889927,2
Salus University,1.72,1.32104637337,2
South Florida Bible College and Theological Seminary,1.72,1.34265734266,2
Biola University,1.72,1.23830184278,2
Northwest University,1.72,1.26488643339,2
Waynesburg University,1.73,1.19958805355,2
Pennsylvania State University-Main Campus,1.73,1.46835066184,1
Cornell University,1.73,1.28021621169,2
California State University-East Bay,1.75,1.22437663091,1
Mount Saint Mary's University,1.75,1.51621141461,2
Austin Presbyterian Theological Seminary,1.75,1.38738738739,2
Baptist Theological Seminary at Richmond,1.75,1.15246636771,2
Luther Rice University & Seminary,1.76,1.46145940391,2
University of California-Davis,1.76,1.41487142359,1
Indiana Wesleyan University-Marion,1.77,1.75346784363,2
New Jersey City University,1.77,0.800046873169,1
University of Chicago,1.77,1.42015268468,2
Southern California Seminary,1.77,1.82575757576,2
Palmer College of Chiropractic,1.77,1.36742883808,2
University of Minnesota-Twin Cities,1.78,1.4848482567,1
South University-West Palm Beach,1.78,1.71222222222,3
University of Western States,1.78,1.5055322396,2
Argosy University-Chicago,1.78,1.63046357616,3
Gwynedd Mercy University,1.78,1.12241758242,2
Pepperdine University,1.78,1.30133239656,2
Lancaster Theological Seminary,1.78,1.2,2
American International College,1.79,1.53353446275,2
Bethesda University,1.79,0.397379912664,2
Gallaudet University,1.79,1.10231076558,2
Lutheran School of Theology at Chicago,1.79,1.40194714882,2
Johnson University,1.8,1.21077283372,2
The Juilliard School,1.8,1.30409638554,2
Grace College and Theological Seminary,1.8,1.46704666904,2
Ohio State University-Main Campus,1.81,1.69787839575,1
Payne Theological Seminary,1.81,1.44855967078,2
Aurora University,1.82,1.10649323181,2
University of California-Santa Cruz,1.82,1.62406884745,1
Rosalind Franklin University of Medicine and Science,1.82,1.44869588243,2
Graceland University-Lamoni,1.83,1.03875968992,2
Lake Erie College of Osteopathic Medicine,1.84,1.36772486772,2
University of Connecticut,1.84,1.34426975321,1
Concordia University-Saint Paul,1.84,1.03702841174,2
Teachers College at Columbia University,1.84,1.79791093569,2
Columbia International University,1.84,1.32615384615,2
University of Bridgeport,1.85,1.95299765546,2
Southern Illinois University-Carbondale,1.86,1.03100425025,1
Wayland Baptist University,1.86,1.4137331595,2
Dartmouth College,1.86,1.26368305602,2
North Carolina State University at Raleigh,1.87,1.31746933357,1
Tufts University,1.87,1.51350183106,2
University of Southern California,1.87,1.62523661743,2
University of Dayton,1.87,1.88799181513,2
Carnegie Mellon University,1.88,1.81373136288,2
Palo Alto University,1.89,1.54376574307,2
Bethel University,1.89,0.631717251347,2
Metropolitan State University,1.9,0.949091677229,1
Missouri Baptist University,1.91,1.14170475934,2
San Joaquin College of Law,1.91,1.41656516443,2
Rivier University,1.91,1.2235206365,2
Pacific School of Religion,1.92,1.89673202614,2
Pacifica Graduate Institute,1.92,1.19474497682,3
"University of Maryland, Baltimore",1.92,1.54550744058,1
Union Theological Seminary in the City of New York,1.93,1.3167989418,2
Mississippi State University,1.93,1.2644438096,1
University of California-Merced,1.94,1.62080777503,1
Universidad Internacional Iberoamericana,1.95,1.26666666667,2
Trinity International University-Illinois,1.95,1.14091392136,2
Northeastern University Global Network,1.95,0.699762389681,2
Trevecca Nazarene University,1.97,1.51107732407,2
SUNY College of Optometry,1.97,1.25077147962,1
Rabbinical Seminary of America,1.97,1.17799352751,2
Johns Hopkins University,1.97,1.64139638065,2
Columbia Theological Seminary,1.97,1.40429338104,2
Argosy University-Washington DC,1.98,1.65746753247,3
New Mexico State University-Main Campus,1.98,1.46294005797,1
National Louis University,1.98,1.1071680376,2
Hood Theological Seminary,1.99,1.50903614458,2
Marshall B Ketchum University,2.0,1.70948509485,2
Fairleigh Dickinson University-Metropolitan Campus,2.0,1.75771091624,2
Oregon College of Oriental Medicine,2.0,2.24776119403,2
The Chicago School of Professional Psychology at Los Angeles,2.0,1.62619167085,2
College of Saint Elizabeth,2.0,1.3611599297,2
Lesley University,2.01,1.77585341365,2
Argosy University-Atlanta,2.01,1.94931425164,3
Logan University,2.02,1.67988445378,2
Kentucky State University,2.02,1.23953419811,1
Webster University,2.03,1.43031406966,2
Argosy University-Twin Cities,2.03,1.94363636364,3
Phillips Theological Seminary,2.03,1.3430420712,2
University of California-Berkeley,2.03,1.75473452242,1
Olivet Nazarene University,2.04,1.22106005406,2
Bexley Hall Seabury Western Theological Seminary Federation,2.04,1.75722543353,2
Dongguk University-Los Angeles,2.05,2.13131313131,2
Immaculata University,2.05,0.873189124826,2
University of California-San Diego,2.06,1.81039183434,1
Concordia University-Irvine,2.07,1.35115347424,2
Carlos Albizu University-Miami,2.08,1.31965272297,2
University of Dubuque,2.08,0.964956437561,2
William Mitchell College of Law,2.08,1.33972438586,2
Atlantic Institute of Oriental Medicine,2.09,1.85422740525,2
Covenant Theological Seminary,2.09,1.27468581688,2
The General Theological Seminary,2.1,1.63944223108,2
California Institute of Technology,2.1,2.10186140321,2
Southern California University of Health Sciences,2.1,1.49903735079,2
Western Seminary,2.12,1.92792792793,2
Baker University,2.12,1.34524449221,2
Antioch University-Santa Barbara,2.13,2.04926764314,2
Pittsburgh Theological Seminary,2.13,1.7837626854,2
San Francisco Theological Seminary,2.14,1.7144638404,2
Rabbinical College Telshe,2.15,1.40650406504,2
University of Fort Lauderdale,2.16,1.63333333333,2
Johnson & Wales University-Providence,2.18,1.79108793761,2
Northwestern Health Sciences University,2.2,2.04897959184,2
Indiana Institute of Technology,2.2,1.49568552253,2
Five Towns College,2.2,0.767700875099,3
University of Oklahoma-Health Sciences Center,2.21,1.55162598456,1
Embry-Riddle Aeronautical University-Daytona Beach,2.21,1.5889909855,2
Our Lady of the Lake University,2.21,1.48659560724,2
Gordon-Conwell Theological Seminary,2.23,2.14686098655,2
Princeton University,2.23,1.63187285223,2
Unification Theological Seminary,2.23,1.24120603015,2
Yale University,2.24,1.55098095166,2
Louisville Presbyterian Theological Seminary,2.26,1.84420289855,2
Parker University,2.27,2.06315240084,2
United Theological Seminary,2.27,2.04476275739,2
Interdenominational Theological Center,2.27,2.20717131474,2
Harvard University,2.27,2.19224375349,2
A T Still University of Health Sciences,2.28,1.97367948257,2
South University–Richmond,2.28,2.21746724891,3
Taft University System,2.28,2.28968253968,3
University of Pennsylvania,2.29,1.79613112059,2
Argosy University-Phoenix,2.3,2.10273972603,3
National College of Natural Medicine,2.31,1.57774331136,2
American Sentinel University,2.34,2.34558512886,3
Hebrew Union College-Jewish Institute of Religion,2.34,1.80043021033,2
Louisiana State University Health Sciences Center-New Orleans,2.34,1.85292389853,1
Phillips Graduate Institute,2.35,2.04462242563,2
World Mission University,2.35,1.79141104294,2
Oxford Graduate School,2.35,2.35714285714,2
Upstate Medical University,2.38,1.08586184635,1
Colgate Rochester Crozer Divinity School,2.38,1.8710359408,2
Wilmington University,2.38,2.07968031,2
Ner Israel Rabbinical College,2.39,0.778153153153,2
Nova Southeastern University,2.39,2.21327483007,2
Fuller Theological Seminary in California,2.41,2.32336229947,2
Delaware Valley University,2.42,1.20546767538,2
Argosy University-Sarasota,2.44,2.38582677165,3
Concordia Theological Seminary,2.45,1.68595825427,2
Christian Theological Seminary,2.45,2.10905730129,2
Wesley Biblical Seminary,2.45,2.24117647059,2
Catholic Theological Union at Chicago,2.47,1.79203899269,2
New York Medical College,2.51,2.54417191231,2
Midwestern Baptist Theological Seminary,2.54,1.89844464776,2
United Theological Seminary of the Twin Cities,2.55,1.84135472371,2
Rutgers University-New Brunswick,2.55,1.66859143554,1
Princeton Theological Seminary,2.56,1.77009873061,2
University of Nebraska Medical Center,2.58,2.26537742748,1
Touro University Worldwide,2.58,1.70638297872,2
Walsh College of Accountancy and Business Administration,2.59,1.94150678521,2
Emory University,2.59,1.65349721715,2
University of Alabama in Huntsville,2.62,2.3661512489,1
Westminster Theological Seminary,2.65,2.16089803555,2
Concordia University-Portland,2.65,1.44500681332,2
Beulah Heights University,2.65,2.48172043011,2
Saint Mary's University of Minnesota,2.67,1.85079113924,2
Luther Seminary,2.68,2.08048511577,2
Rockefeller University,2.71,2.8859592078,2
Pacific College of Oriental Medicine-San Diego,2.72,2.37662337662,3
The University of Texas Health Science Center at Houston,2.73,1.92782829937,1
Multnomah University,2.75,2.56289308176,2
Capitol Technology University,2.77,2.05693950178,2
Bastyr University,2.78,2.37692084662,2
Episcopal Divinity School,2.82,2.70670826833,2
Medical University of South Carolina,2.89,2.49622751016,1
International Baptist College and Seminary,2.9,2.6847826087,2
Bob Jones University,2.9,1.41114670083,3
Texas Tech University Health Sciences Center,2.9,1.7895474102,1
Northern Baptist Theological Seminary,2.91,2.70194986072,2
Lexington Theological Seminary,2.92,2.58039215686,2
University of Rochester,2.95,2.54544529003,2
SUNY Downstate Medical Center,2.95,1.55691332881,1
Winebrenner Theological Seminary,2.97,2.11805555556,2
Lynn University,2.98,2.20420812266,2
